{"sane": true, "normalizes": true, "log_prob": -863.5948486328125, "avg_log_prob": -1.727189697265625, "perplexity": 5.624824216856868}